{
  "emissionAngle" : 1.6821657419204712,
  "emissionAngleRange" : 0.34999999403953552,
  "kind" : "SKEmitterNode",
  "numParticlesToEmit" : 0,
  "particleAlpha" : 8.8000001907348633,
  "particleAlphaRange" : 3.2000000476837158,
  "particleAlphaSpeed" : 3.5499999523162842,
  "particleBirthRate" : 312.24688720703125,
  "particleBlendMode" : 5,
  "particleColor" : [
    0.30486425757408142,
    0.13019143044948578,
    0.023160237818956375,
    1
  ],
  "particleColorAlphaRange" : 0,
  "particleColorAlphaSpeed" : 0,
  "particleColorBlendFactor" : 10,
  "particleColorBlendFactorRange" : 0,
  "particleColorBlendFactorSpeed" : 0,
  "particleColorBlueRange" : 0,
  "particleColorBlueSpeed" : 0,
  "particleColorGreenRange" : 0,
  "particleColorGreenSpeed" : 0,
  "particleColorRedRange" : 0,
  "particleColorRedSpeed" : 0,
  "particleColorSequence" : {
    "times" : [
      0.22940565645694733,
      0.73917126655578613
    ],
    "values" : [
      [
        0.93981927633285522,
        0.94609683752059937,
        0,
        1
      ],
      [
        0.99608176946640015,
        0.60173118114471436,
        0,
        1
      ]
    ]
  },
  "particleLifetime" : 2,
  "particleLifetimeRange" : 1,
  "particlePosition" : [
    0,
    0
  ],
  "particlePositionRange" : [
    64,
    0
  ],
  "particleRotation" : 0.13962633907794952,
  "particleRotationRange" : 0,
  "particleRotationSpeed" : 0,
  "particleScale" : 0.5,
  "particleScaleRange" : 0.40000000596046448,
  "particleScaleSpeed" : -0.5,
  "particleSize" : [
    32,
    32
  ],
  "particleSpeed" : 166.10000610351562,
  "particleSpeedRange" : 75,
  "particleTexture" : "👾😸🔥",
  "particleZPosition" : 0,
  "position" : [
    0,
    0
  ],
  "xAcceleration" : 5,
  "yAcceleration" : -0
}